{"rmse": 0.6139389486914307, "mae": 0.44051563865609106, "r2": 0.5020414493741688}